,vahed,esm,tolid,foroosh,nerkh_foroosh,mablagh_forosh,Year,Month,Day,nemad
6,مگاوات ساعت,خارج از بازار,255816,255816,420869,107665,1399,08,30,آبادا
5,مگا وات ساعت,انرژي برق,135946,135946,187111,25437,1399,08,30,آبادا
4,مگاوات ساعت,آمادگي,205811,205811,67528,13898,1399,08,30,آبادا
4,مگاوات ساعت,آمادگي,398820,398820,85951,34279,1399,09,30,آبادا
5,مگا وات ساعت,انرژي برق,378009,378009,277959,105071,1399,09,30,آبادا
6,مگاوات ساعت,خارج از بازار,89712,89712,508851,45650,1399,09,30,آبادا
4,مگاوات ساعت,آمادگي,339079,339079,86534,29342,1399,10,30,آبادا
5,مگا وات ساعت,انرژي برق,333288,333288,257009,85658,1399,10,30,آبادا
6,مگاوات ساعت,خارج از بازار,89712,89712,508851,45650,1399,10,30,آبادا
4,مگاوات ساعت,آمادگي,264928,264928,78818,20881,1399,11,30,آبادا
5,مگا وات ساعت,انرژي برق,264928,264928,178977,47416,1399,11,30,آبادا
6,مگاوات ساعت,خارج از بازار,90072,90072,508882,45836,1399,11,30,آبادا
4,مگاوات ساعت,آمادگي,215477,215477,76941,16579,1399,12,30,آبادا
5,مگا وات ساعت,انرژي برق,198310,198310,347093,68832,1399,12,30,آبادا
6,مگاوات ساعت,خارج از بازار,135504,135504,510561,69183,1399,12,30,آبادا
7,مگاوات ساعت,درآمد جانبي,0,0,0,0,1400,01,31,آبادا
6,مگاوات ساعت,خارج از بازار,146642,146642,544421,79835,1400,01,31,آبادا
5,مگاوات ساعت,آمادگي,253358,253358,71523,18121,1400,01,31,آبادا
4,مگا وات ساعت,انرژي برق,223358,223358,209883,46879,1400,01,31,آبادا
6,مگاوات ساعت,خارج از بازار,156240,156240,509293,79572,1400,02,31,آبادا
5,مگاوات ساعت,آمادگي,261760,261760,106968,28000,1400,02,31,آبادا
4,مگا وات ساعت,انرژي برق,257760,257760,372439,96000,1400,02,31,آبادا
6,مگاوات ساعت,خارج از بازار,155496,155496,527711,82057,1400,03,31,آبادا
5,مگاوات ساعت,آمادگي,272504,272504,139447,38000,1400,03,31,آبادا
4,مگا وات ساعت,انرژي برق,262504,262504,526640,138245,1400,03,31,آبادا
6,مگاوات ساعت,خارج از بازار,108038,108038,549334,59349,1400,04,31,آبادا
5,مگاوات ساعت,آمادگي,298249,298249,314375,93762,1400,04,31,آبادا
4,مگا وات ساعت,انرژي برق,298702,298702,685539,204772,1400,04,31,آبادا
6,مگاوات ساعت,خارج از بازار,178032,178032,535331,95306,1400,05,31,آبادا
5,مگاوات ساعت,آمادگي,229973,229973,326125,75000,1400,05,31,آبادا
4,مگا وات ساعت,انرژي برق,232708,232708,657476,153000,1400,05,31,آبادا
6,مگاوات ساعت,خارج از بازار,111600,111600,536299,59851,1400,06,31,آبادا
5,مگاوات ساعت,آمادگي,243831,243831,196066,47807,1400,06,31,آبادا
4,مگا وات ساعت,انرژي برق,247778,247778,660055,163547,1400,06,31,آبادا
6,مگاوات ساعت,خارج از بازار,105840,105840,540892,57248,1400,07,30,آبادا
5,مگاوات ساعت,آمادگي,203843,203843,132499,27009,1400,07,30,آبادا
4,مگا وات ساعت,انرژي برق,206263,206263,621958,128287,1400,07,30,آبادا
6,مگاوات ساعت,خارج از بازار,109800,109800,546521,60008,1400,08,30,آبادا
5,مگاوات ساعت,آمادگي,303837,303837,91914,27927,1400,08,30,آبادا
4,مگا وات ساعت,انرژي برق,298288,298288,593276,176967,1400,08,30,آبادا
7,مگاوات ساعت,انرژي - بورس انرژي,0,0,0,0,1400,09,30,آبادا
6,مگاوات ساعت,انرژي - قراردادهاي دوجانبه,70128,70128,556326,39014,1400,09,30,آبادا
5,مگاوات ساعت,آمادگي,409777,409777,85446,35014,1400,09,30,آبادا
4,مگا وات ساعت,انرژي برق,395628,395628,607968,240529,1400,09,30,آبادا
7,مگاوات ساعت,انرژي - بورس انرژي,0,0,0,0,1400,10,30,آبادا
6,مگاوات ساعت,انرژي - قراردادهاي دوجانبه,68742,68742,553432,38044,1400,10,30,آبادا
5,مگاوات ساعت,آمادگي,384251,384251,72494,27856,1400,10,30,آبادا
4,مگا وات ساعت,انرژي برق,366424,366424,556541,203930,1400,10,30,آبادا
4,مگا وات ساعت,انرژي برق,292844,292844,504897,147856,1400,11,30,آبادا
5,مگاوات ساعت,آمادگي,296680,296680,74656,22149,1400,11,30,آبادا
6,مگاوات ساعت,انرژي - قراردادهاي دوجانبه,69851,69851,555754,38820,1400,11,30,آبادا
7,مگاوات ساعت,انرژي - بورس انرژي,0,0,0,0,1400,12,29,آبادا
6,مگاوات ساعت,انرژي - قراردادهاي دوجانبه,7667,7667,700013,5367,1400,12,29,آبادا
4,مگا وات ساعت,انرژي برق,374362,374362,575585,215477,1400,12,29,آبادا
5,مگاوات ساعت,آمادگي,349842,349842,68454,23948,1400,12,29,آبادا
6,مگاوات ساعت,انرژي - قراردادهاي دوجانبه,8348,8348,699928,5843,1401,01,31,آبادا
5,مگاوات ساعت,آمادگي,364143,364143,63154,22997,1401,01,31,آبادا
4,مگاوات ساعت,انرژي برق,366569,366569,619799,227199,1401,01,31,آبادا
6,مگاوات ساعت,انرژي - قراردادهاي دوجانبه,119918,119918,583674,69993,1401,02,31,آبادا
4,مگاوات ساعت,انرژي برق,207288,207288,685722,142142,1401,02,31,آبادا
5,مگاوات ساعت,آمادگي,203121,203121,106700,21673,1401,02,31,آبادا
6,مگاوات ساعت,انرژي - قراردادهاي دوجانبه,157205,157205,584657,91911,1401,03,31,آبادا
5,مگاوات ساعت,آمادگي,84520,84520,43422,3670,1401,03,31,آبادا
4,مگاوات ساعت,انرژي برق,84413,84413,652459,55076,1401,03,31,آبادا
7,مگاوات ساعت,انرژي - بورس انرژي,0,0,0,0,1401,03,31,آبادا
7,مگاوات ساعت,انرژي - بورس انرژي,0,0,0,0,1401,04,31,آبادا
6,مگاوات ساعت,انرژي - قراردادهاي دوجانبه,123333,123333,585099,72162,1401,04,31,آبادا
5,مگاوات ساعت,آمادگي,167665,167665,248454,41657,1401,04,31,آبادا
4,مگاوات ساعت,انرژي برق,167298,167298,668125,111776,1401,04,31,آبادا
7,مگاوات ساعت,انرژي - بورس انرژي,0,0,0,0,1401,05,31,آبادا
6,مگاوات ساعت,انرژي - قراردادهاي دوجانبه,119814,119814,583680,69933,1401,05,31,آبادا
4,مگاوات ساعت,انرژي برق,124953,124953,752995,94089,1401,05,31,آبادا
5,مگاوات ساعت,آمادگي,123134,123134,231894,28554,1401,05,31,آبادا
7,مگاوات ساعت,انرژي - بورس انرژي,27080,27080,774040,20961,1401,06,31,آبادا
6,مگاوات ساعت,انرژي - قراردادهاي دوجانبه,118174,118174,614797,72653,1401,06,31,آبادا
4,مگاوات ساعت,انرژي برق,174084,174084,721158,125542,1401,06,31,آبادا
5,مگاوات ساعت,آمادگي,237493,237493,194629,46223,1401,06,31,آبادا
8,مگاوات ساعت,انرژي - بورس انرژي,0,0,0,0,1401,07,30,آبادا
7,مگاوات ساعت,انرژي - قراردادهاي دوجانبه,115535,115535,696672,80490,1401,07,30,آبادا
5,مگاوات ساعت,انرژي برق,115917,115917,872107,101092,1401,07,30,آبادا
6,مگاوات ساعت,آمادگي,114036,114036,164571,18767,1401,07,30,آبادا
8,مگاوات ساعت,انرژي - بورس انرژي,0,0,0,0,1401,08,30,آبادا
6,مگاوات ساعت,آمادگي,197000,128046,132702,16992,1401,08,30,آبادا
7,مگاوات ساعت,انرژي - قراردادهاي دوجانبه,115614,115614,696775,80557,1401,08,30,آبادا
5,مگاوات ساعت,انرژي برق,173962,128954,837446,107992,1401,08,30,آبادا
6,مگاوات ساعت,آمادگي,139803,139803,93832,13118,1401,09,30,آبادا
7,مگاوات ساعت,انرژي - قراردادهاي دوجانبه,105329,105329,698345,73556,1401,09,30,آبادا
5,مگاوات ساعت,انرژي برق,141583,141583,798888,113109,1401,09,30,آبادا
7,مگاوات ساعت,انرژي - قراردادهاي دوجانبه,123250,123250,697582,85977,1401,10,30,آبادا
8,مگاوات ساعت,انرژي - بورس انرژي,0,0,0,0,1401,10,30,آبادا
6,مگاوات ساعت,آمادگي,154650,154650,88613,13704,1401,10,30,آبادا
5,مگاوات ساعت,انرژي برق,156458,156458,759079,118764,1401,10,30,آبادا
8,مگاوات ساعت,انرژي - بورس انرژي,0,0,0,0,1401,11,30,آبادا
6,مگاوات ساعت,آمادگي,151683,151683,76113,11545,1401,11,30,آبادا
7,مگاوات ساعت,انرژي - قراردادهاي دوجانبه,151690,151690,696031,105581,1401,11,30,آبادا
5,مگاوات ساعت,انرژي برق,155788,155788,672048,104697,1401,11,30,آبادا
7,مگاوات ساعت,انرژي - قراردادهاي دوجانبه,87783,87783,698928,61354,1401,12,29,آبادا
8,مگاوات ساعت,انرژي - بورس انرژي,0,0,0,0,1401,12,29,آبادا
6,مگاوات ساعت,آمادگي,212026,212026,74203,15733,1401,12,29,آبادا
5,مگاوات ساعت,انرژي برق,196739,196739,700080,137733,1401,12,29,آبادا
7,مگاوات ساعت,انرژي - قراردادهاي دوجانبه,123474,123474,882550,108972,1402,01,31,آبادا
8,مگاوات ساعت,انرژي - بورس انرژي,0,0,0,0,1402,01,31,آبادا
5,مگا وات ساعت,انرژي برق,149288,149288,982396,146660,1402,01,31,آبادا
6,مگاوات ساعت,آمادگي,193292,193292,59211,11445,1402,01,31,آبادا
5,مگا وات ساعت,انرژي برق,271008,271008,1043460,282786,1402,02,31,آبادا
6,مگاوات ساعت,آمادگي,265523,265523,119523,31736,1402,02,31,آبادا
7,مگاوات ساعت,انرژي - قراردادهاي دوجانبه,9270,9270,1033873,9584,1402,02,31,آبادا
5,مگا وات ساعت,انرژي برق,303207,303207,1056473,320330,1402,03,31,آبادا
6,مگاوات ساعت,آمادگي,302508,302508,206824,62566,1402,03,31,آبادا
7,مگاوات ساعت,انرژي - قراردادهاي دوجانبه,9393,9393,1033536,9708,1402,03,31,آبادا
7,مگا وات ساعت,انرژي برق,320748,320748,1078663,345979,1402,04,31,آبادا
6,مگاوات ساعت,آمادگي,318338,318338,294395,93717,1402,04,31,آبادا
5,مگاوات ساعت,انرژي - قراردادهاي دوجانبه,9201,9201,1031953,9495,1402,04,31,آبادا
7,مگاوات ساعت,انرژي - قراردادهاي دوجانبه,9476,9476,1032398,9783,1402,05,31,آبادا
5,مگا وات ساعت,انرژي برق,387570,387570,1075573,416860,1402,05,31,آبادا
6,مگاوات ساعت,آمادگي,385971,385971,321496,124088,1402,05,31,آبادا
4,0,درمان,0,0,0,0,1401,10,30,آواپارس
4,0,درمان,-8525,0,159732,12,1401,11,30,آواپارس
4,159732,درمان,-13875,0,770339,19,1401,12,30,آواپارس
4,770339,درمان,0,0,770339,18,1402,01,31,آواپارس
4,770339,درمان,0,0,770339,17,1402,02,31,آواپارس
4,770339,درمان,288019,16,1748677,24,1402,03,31,آواپارس
4,1748677,درمان,0,0,1748677,24,1402,04,31,آواپارس
4,1748677,درمان,104499,29,1847579,22,1402,05,31,آواپارس
4,0,درمان,0,0,0,0,1401,01,31,اتکام
4,0,درمان,0,0,0,0,1401,02,31,اتکام
4,0,درمان,0,0,0,0,1401,03,31,اتکام
4,0,درمان,0,0,0,0,1401,04,31,اتکام
4,0,درمان,0,0,0,0,1401,05,31,اتکام
4,0,درمان,0,0,0,0,1401,06,31,اتکام
4,0,درمان,0,0,0,0,1401,07,30,اتکام
4,0,درمان,0,0,0,0,1401,08,30,اتکام
4,0,درمان,0,0,0,0,1401,09,30,اتکام
4,0,درمان,0,0,0,0,1401,10,30,اتکام
4,0,درمان,0,0,0,0,1401,11,30,اتکام
4,0,درمان,0,0,0,0,1401,12,29,اتکام
4,0,درمان,0,0,0,0,1402,01,31,اتکام
4,0,درمان,0,0,0,0,1402,02,31,اتکام
4,0,درمان,0,0,0,0,1402,03,31,اتکام
4,0,درمان,0,0,0,0,1402,04,30,اتکام
4,0,درمان,0,0,0,0,1402,05,31,اتکام
4,227389,درمان,0,0,227389,31,1401,01,31,اتکایی
4,227389,درمان,14875,16,226513,23,1401,02,31,اتکایی
4,226513,درمان,63949,45,387972,30,1401,03,31,اتکایی
4,387972,درمان,10847,64,385622,24,1401,04,31,اتکایی
4,385622,درمان,0,0,385622,22,1401,05,31,اتکایی
4,385622,درمان,206444,67,698519,28,1401,06,31,اتکایی
4,698519,درمان,0,0,698519,25,1401,07,30,اتکایی
4,698519,درمان,124125,76,1028756,31,1401,08,30,اتکایی
4,1028756,درمان,0,0,1028756,24,1401,09,30,اتکایی
4,0,درمان,0,0,0,0,1401,10,30,اتکایی
4,0,درمان,214190,61,322040,68,1401,11,30,اتکایی
4,322040,درمان,74769,40,465900,42,1401,12,29,اتکایی
4,465900,درمان,75666,87,600493,42,1402,01,31,اتکایی
4,600493,درمان,62322,48,816467,37,1402,02,31,اتکایی
4,816467,درمان,71032,29,870126,34,1402,03,31,اتکایی
4,870126,درمان,85908,70,984023,34,1402,04,31,اتکایی
4,984023,درمان,-232,-1,984023,30,1402,05,31,اتکایی
8,دستگاه,محصولات لوازم خانگي کوچک-شرکت فرعي.,1635,5816,13093191,76150,1399,10,30,انتخاب
7,دستگاه,محصولات صوتي و تصويري-شرکت فرعي.,33061,30407,53358569,1622474,1399,10,30,انتخاب
6,دستگاه,محصولات گازسوز  و سرمايشي-شرکت فرعي.,5870,4104,55993177,229796,1399,10,30,انتخاب
5,دستگاه,محصولات شوينده-شرکت فرعي.,51519,35374,78985781,2794043,1399,10,30,انتخاب
4,دستگاه,محصولات برودتي-شرکت اصلي.,30891,27242,150096359,4088925,1399,10,30,انتخاب
7,دستگاه,محصولات صوتي و تصويري-شرکت فرعي.,23268,18006,84669499,1524559,1399,11,30,انتخاب
6,دستگاه,محصولات گازسوز  و سرمايشي-شرکت فرعي.,7526,5715,53806124,307502,1399,11,30,انتخاب
5,دستگاه,محصولات شوينده-شرکت فرعي.,57875,47708,79214367,3779159,1399,11,30,انتخاب
4,دستگاه,محصولات برودتي-شرکت اصلي.,34903,29187,167970535,4902556,1399,11,30,انتخاب
8,دستگاه,محصولات لوازم خانگي کوچک-شرکت فرعي.,4100,7540,20123475,151731,1399,12,30,انتخاب
7,دستگاه,محصولات صوتي و تصويري-شرکت فرعي.,54551,56487,73387027,4145413,1399,12,30,انتخاب
6,دستگاه,محصولات گازسوز  و سرمايشي-شرکت فرعي.,5803,6994,51920360,363131,1399,12,30,انتخاب
5,دستگاه,محصولات شوينده-شرکت فرعي.,54440,58252,85763201,4995878,1399,12,30,انتخاب
4,دستگاه,محصولات برودتي-شرکت اصلي.,33625,38377,159033119,6103214,1399,12,30,انتخاب
8,دستگاه,محصولات لوازم خانگي کوچک-شرکت فرعي.,5088,8008,18413337,147454,1400,01,31,انتخاب
7,دستگاه,محصولات صوتي و تصويري-شرکت فرعي.,40848,28791,70399708,2026878,1400,01,31,انتخاب
6,دستگاه,محصولات گازسوز  و سرمايشي-شرکت فرعي.,4229,4460,51699103,230578,1400,01,31,انتخاب
5,دستگاه,محصولات شوينده-شرکت فرعي.,37298,16317,63564748,1037186,1400,01,31,انتخاب
4,دستگاه,محصولات برودتي-شرکت اصلي.,26636,20904,131214504,2742908,1400,01,31,انتخاب
8,دستگاه,محصولات لوازم خانگي کوچک-شرکت فرعي.,5541,7133,26298752,187589,1400,02,31,انتخاب
7,دستگاه,محصولات صوتي و تصويري-شرکت فرعي.,28279,30565,78293440,2393039,1400,02,31,انتخاب
6,دستگاه,محصولات گازسوز  و سرمايشي-شرکت فرعي.,6961,3265,55945789,182663,1400,02,31,انتخاب
5,دستگاه,محصولات شوينده-شرکت فرعي.,48007,32005,85674082,2741999,1400,02,31,انتخاب
4,دستگاه,محصولات برودتي-شرکت اصلي.,40728,30301,143350781,4343672,1400,02,31,انتخاب
8,دستگاه,محصولات لوازم خانگي کوچک-شرکت فرعي.,42,12074,15731241,189939,1400,03,31,انتخاب
7,دستگاه,محصولات صوتي و تصويري-شرکت فرعي.,54589,48238,71502073,3449117,1400,03,31,انتخاب
6,دستگاه,محصولات گازسوز  و سرمايشي-شرکت فرعي.,8669,11751,51667518,607145,1400,03,31,انتخاب
5,دستگاه,محصولات شوينده-شرکت فرعي.,23680,61164,107516578,6576144,1400,03,31,انتخاب
4,دستگاه,محصولات برودتي-شرکت اصلي.,42310,46943,171140788,8033862,1400,03,31,انتخاب
8,دستگاه,محصولات لوازم خانگي کوچک-شرکت فرعي.,0,1777,5989871,10644,1400,04,31,انتخاب
7,دستگاه,محصولات صوتي و تصويري-شرکت فرعي.,33459,37659,89022226,3352488,1400,04,31,انتخاب
6,دستگاه,محصولات گازسوز  و سرمايشي-شرکت فرعي.,9730,7724,53782496,415416,1400,04,31,انتخاب
5,دستگاه,محصولات شوينده-شرکت فرعي.,49713,40655,91238962,3709320,1400,04,31,انتخاب
4,دستگاه,محصولات برودتي-شرکت اصلي.,39584,42414,169639812,7195103,1400,04,31,انتخاب
8,دستگاه,محصولات لوازم خانگي کوچک-شرکت فرعي.,0,1868,13895075,25956,1400,05,31,انتخاب
7,دستگاه,محصولات صوتي و تصويري-شرکت فرعي.,46784,45148,82725746,3734902,1400,05,31,انتخاب
6,دستگاه,محصولات گازسوز  و سرمايشي-شرکت فرعي.,6254,5706,74714862,426323,1400,05,31,انتخاب
5,دستگاه,محصولات شوينده-شرکت فرعي.,66639,38324,99566721,3815795,1400,05,31,انتخاب
4,دستگاه,محصولات برودتي-شرکت اصلي.,39861,33599,176266258,5922370,1400,05,31,انتخاب
8,دستگاه,محصولات لوازم خانگي کوچک-شرکت فرعي.,0,1539,37837557,58232,1400,06,31,انتخاب
7,دستگاه,محصولات صوتي و تصويري-شرکت فرعي.,38619,45666,72281522,3300808,1400,06,31,انتخاب
6,دستگاه,محصولات گازسوز  و سرمايشي-شرکت فرعي.,10089,9192,73065601,671619,1400,06,31,انتخاب
5,دستگاه,محصولات شوينده-شرکت فرعي.,35920,48006,97479669,4679609,1400,06,31,انتخاب
4,دستگاه,محصولات برودتي-شرکت اصلي.,44895,44089,164511307,7253139,1400,06,31,انتخاب
7,دستگاه,محصولات صوتي و تصويري-شرکت فرعي.,17146,16719,66568156,1112953,1400,07,30,انتخاب
6,دستگاه,محصولات گازسوز  و سرمايشي-شرکت فرعي.,6712,4071,64628838,263104,1400,07,30,انتخاب
5,دستگاه,محصولات شوينده-شرکت فرعي.,36881,27028,83806497,2265122,1400,07,30,انتخاب
4,دستگاه,محصولات برودتي-شرکت اصلي.,39418,28105,178852055,5026637,1400,07,30,انتخاب
8,دستگاه,محصولات لوازم خانگي کوچک-شرکت فرعي.,0,5884,35065772,206327,1400,08,30,انتخاب
7,دستگاه,محصولات صوتي و تصويري-شرکت فرعي.,30140,32038,62409888,1999488,1400,08,30,انتخاب
6,دستگاه,محصولات گازسوز  و سرمايشي-شرکت فرعي.,7665,8115,76183980,618233,1400,08,30,انتخاب
5,دستگاه,محصولات شوينده-شرکت فرعي.,42882,51332,99539508,5109562,1400,08,30,انتخاب
4,دستگاه,محصولات برودتي-شرکت اصلي.,39857,39930,163334535,6521948,1400,08,30,انتخاب
4,دستگاه,محصولات برودتي-شرکت اصلي.,44624,49351,162132520,8001402,1400,09,30,انتخاب
9,دستگاه,محصولات لوازم خانگي کوچک-شرکت فرعي.,-15570,-57782,19734035,-1140272,1400,09,30,انتخاب
8,دستگاه,محصولات صوتي و تصويري-شرکت فرعي.,-400744,-389724,73544660,-28662119,1400,09,30,انتخاب
7,دستگاه,محصولات گازسوز  و سرمايشي-شرکت فرعي.,-79508,-71097,60698904,-4315510,1400,09,30,انتخاب
6,دستگاه,محصولات شوينده-شرکت فرعي.,-504854,-456165,90984221,-41503817,1400,09,30,انتخاب
4,دستگاه,محصولات برودتي-شرکت اصلي,43860,43906,148542204,6521894,1400,10,30,انتخاب
7,دستگاه,محصولات برودتي-شرکت اصلي,45408,46921,156263741,7332051,1400,11,30,انتخاب
7,دستگاه,محصولات برودتي-شرکت اصلي,42673,44975,158974653,7149885,1400,12,29,انتخاب
7,دستگاه,محصولات برودتي-شرکت اصلي,24408,24765,197426206,4889260,1401,01,31,انتخاب
7,دستگاه,محصولات برودتي-شرکت اصلي,30999,29905,221825548,6633693,1401,02,31,انتخاب
7,دستگاه,محصولات برودتي-شرکت اصلي,48225,49878,184560127,9205490,1401,03,30,انتخاب
8,دستگاه,محصولات برودتي-شرکت اصلي,46314,46075,195908432,9026481,1401,04,31,انتخاب
8,دستگاه,محصولات برودتي-شرکت اصلي,40675,42601,205217037,8742451,1401,05,31,انتخاب
8,دستگاه,محصولات برودتي-شرکت اصلي,50954,50883,198272901,10088720,1401,06,31,انتخاب
8,دستگاه,محصولات برودتي-شرکت اصلي,44632,48951,222918858,10912101,1401,07,30,انتخاب
8,دستگاه,محصولات برودتي-شرکت اصلي,59535,59032,199977521,11805073,1401,08,30,انتخاب
8,دستگاه,محصولات برودتي-شرکت اصلي,78145,69300,173123074,11997429,1401,09,30,انتخاب
8,دستگاه,محصولات برودتي-شرکت اصلي. ,62114,61851,173734151,10745631,1401,10,30,انتخاب
8,دستگاه,محصولات برودتي-شرکت اصلي. ,69670,69518,200084769,13909493,1401,11,30,انتخاب
8,دستگاه,محصولات برودتي-شرکت اصلي. ,60767,61703,194365055,11992907,1401,12,29,انتخاب
8,دستگاه,محصولات برودتي-شرکت اصلي. ,30371,29658,248801167,7378945,1402,01,31,انتخاب
8,دستگاه,محصولات برودتي-شرکت اصلي. ,43619,59111,270444520,15986246,1402,02,31,انتخاب
8,دستگاه ,محصولات برودتي-شرکت اصلي. ,62114,61812,253302757,15657150,1402,03,31,انتخاب
9,دستگاه ,محصولات برودتي-شرکت اصلي. ,64038,66293,256795529,17023746,1402,04,31,انتخاب
9,دستگاه ,محصولات برودتي-شرکت اصلي. ,59495,59695,266739358,15923006,1402,05,31,انتخاب
12,تن,سنگ آهن,0,0,0,0,1399,11,30,اپال
13,متر مکعب,درآمد حاصل از ارائه خدمات,0,0,0,68646,1399,11,30,اپال
5,تن,سيمان خاکستري,95002,104827,4779875,501060,1400,12,29,سیمان اردستان
5,تن,سيمان خاکستري,55501,52272,5085610,265835,1401,01,31,سیمان اردستان
5,تن,سيمان خاکستري,77729,75741,5040388,381764,1401,02,31,سیمان اردستان
5,تن,سيمان خاکستري,66701,74044,5819769,430919,1401,03,31,سیمان اردستان
5,تن,سيمان خاکستري,75294,68106,8634305,588048,1401,04,31,سیمان اردستان
5,تن,سيمان خاکستري,61284,62469,8117818,507112,1401,05,31,سیمان اردستان
5,تن,سيمان خاکستري,77959,78681,7384337,581007,1401,06,31,سیمان اردستان
5,تن,سيمان خاکستري,85084,84891,6894724,585300,1401,07,30,سیمان اردستان
8,تن,سيمان خاکستري,92868,97062,6687478,649100,1401,08,30,سیمان اردستان
8,تن,سيمان خاکستري,101165,95494,6644983,634556,1401,09,30,سیمان اردستان
8,تن,سيمان خاکستري,68140,69041,6738518,465234,1401,10,30,سیمان اردستان
8,تن,سيمان خاکستري,84363,81869,6779538,555034,1401,11,30,سیمان اردستان
8,تن,سيمان خاکستري,0,0,0,0,1401,12,29,سیمان اردستان
7,تن,کلينکر خاکستري,89937,0,0,0,1401,12,29,سیمان اردستان
9,تن ,سيمان فله‌اي ,57622,65609,7581094,497388,1401,12,29,سیمان اردستان
10,تن,سيمان پاکتي ,42206,42206,8460503,357084,1401,12,29,سیمان اردستان
7,تن,سيمان پاکتي ,28450,28450,9279473,264001,1402,01,31,سیمان اردستان
6,تن ,سيمان فله‌اي ,41244,38582,8242160,317999,1402,01,31,سیمان اردستان
7,تن,سيمان پاکتي ,37093,37093,9312188,345417,1402,02,31,سیمان اردستان
6,تن ,سيمان فله‌اي ,54744,53472,8046997,430289,1402,02,31,سیمان اردستان
6,تن ,سيمان فله‌اي ,49537,54294,8466460,459678,1402,03,31,سیمان اردستان
7,تن,سيمان پاکتي ,34662,34662,9560556,331388,1402,03,31,سیمان اردستان
7,تن,سيمان پاکتي ,27209,27209,11008380,299527,1402,04,31,سیمان اردستان
6,تن ,سيمان فله‌اي ,59230,52062,9711824,505617,1402,04,31,سیمان اردستان
8,تن ,سيمان فله‌اي ,43542,54640,9200293,502704,1402,05,31,سیمان اردستان
6,تن,سيمان پاکتي ,24509,24509,10319515,252921,1402,05,31,سیمان اردستان
4,کيلوگرم,گرانول ABS,3690880,4094832,213280,873345,1399,03,31,شبصیر
4,کيلوگرم,گرانول ABS,3709346,4355650,236738,1031147,1399,04,31,شبصیر
8,کيلوگرم,گرانول ABS,3267701,3749718,266800,1000425,1399,05,31,شبصیر
8,کيلوگرم,گرانول ABS,3081976,3043608,325618,991055,1399,06,31,شبصیر
8,کيلوگرم,گرانول ABS,3235396,2919238,380387,1110439,1399,07,30,شبصیر
8,کيلوگرم,گرانول ABS,2587520,2244854,485910,1090796,1399,08,30,شبصیر
4,کيلوگرم,گرانول ABS,3593954,2239231,584724,1309332,1399,09,30,شبصیر
4,کيلوگرم,گرانول ABS,2993542,2452750,598191,1467212,1399,10,30,شبصیر
4,کيلوگرم,گرانول ABS,3565475,2931041,602824,1766902,1399,11,30,شبصیر
4,کيلوگرم,گرانول ABS,3872531,2002126,645124,1291620,1399,12,30,شبصیر
4,کيلوگرم,گرانول ABS,688050,1872297,680531,1274157,1400,01,31,شبصیر
4,کيلوگرم,گرانول ABS,3309480,2597104,686749,1783558,1400,02,31,شبصیر
4,کيلوگرم,گرانول ABS,3440776,2700912,661615,1786964,1400,03,31,شبصیر
4,کيلوگرم,گرانول ABS,3237419,2759831,668594,1845207,1400,04,31,شبصیر
4,کيلوگرم,گرانول ABS,3512584,2120601,676752,1435121,1400,05,31,شبصیر
4,کيلوگرم,گرانول ABS,4004474,3503757,655424,2296447,1400,06,31,شبصیر
4,کيلوگرم,گرانول ABS,3011031,2244593,669703,1503211,1400,07,30,شبصیر
4,کيلوگرم,گرانول ABS,3013408,2669263,700988,1871122,1400,08,30,شبصیر
4,کيلوگرم,گرانول ABS,3056698,2846188,678800,1931993,1400,09,30,شبصیر
4,کيلوگرم,گرانول ABS,1443603,2563122,695762,1783322,1400,10,30,شبصیر
4,کيلوگرم,گرانول ABS,3547645,2722428,716767,1951346,1400,11,30,شبصیر
4,کيلوگرم,گرانول ABS,3008670,2168105,660372,1431756,1400,12,29,شبصیر
4,کيلوگرم,گرانول ABS,3680000,2205931,682559,1505678,1401,01,31,شبصیر
4,کيلوگرم,گرانول ABS,4050746,3067043,712760,2186066,1401,02,31,شبصیر
4,کيلوگرم,گرانول ABS,3082022,3394951,736267,2499590,1401,03,31,شبصیر
4,کيلوگرم,گرانول ABS,3428987,3298381,795840,2624982,1401,04,31,شبصیر
4,کيلوگرم,گرانول ABS,3447425,3074697,800988,2462796,1401,05,31,شبصیر
4,کيلوگرم,گرانول ABS,4031989,3073298,716279,2201338,1401,06,31,شبصیر
7,کيلوگرم,گرانول ABS,2973919,3060896,725967,2222110,1401,07,30,شبصیر
6,کيلوگرم,گرانول ABS,2371351,3225076,733638,2366039,1401,08,30,شبصیر
6,کيلوگرم,گرانول ABS,3255679,3338397,806820,2693486,1401,09,30,شبصیر
6,کيلوگرم,گرانول ABS,3581467,3236518,812909,2630995,1401,10,30,شبصیر
6,کيلوگرم,گرانول ABS,3807657,3273887,852451,2790828,1401,11,30,شبصیر
6,کيلوگرم,گرانول ABS,3808239,3399701,874558,2973237,1401,12,29,شبصیر
6,کيلوگرم,گرانول ABS,3212928,2526630,934343,2360739,1402,01,31,شبصیر
6,کيلوگرم,گرانول ABS,3335116,3844938,953895,3667667,1402,02,31,شبصیر
6,کيلوگرم,گرانول ABS,3933618,3348810,939921,3147618,1402,03,31,شبصیر
6,کيلوگرم,گرانول ABS,3511270,3161310,913794,2888786,1402,04,31,شبصیر
6,کيلوگرم,گرانول ABS,3066504,3036797,892255,2709598,1402,05,31,شبصیر
4,تن,انواع گريد دوده,3065,3147,85416905,268807,1399,03,31,شدوص
4,تن,انواع گريد دوده,2437,2157,86428373,186426,1399,04,31,شدوص
8,تن,انواع گريد دوده,2209,1818,104696370,190338,1399,05,31,شدوص
8,تن,انواع گريد دوده,2374,3618,114844666,415508,1399,06,31,شدوص
8,تن,انواع گريد دوده,2253,1841,125583922,231200,1399,07,30,شدوص
8,تن,انواع گريد دوده,1716,1487,141281103,210085,1399,08,30,شدوص
4,تن,انواع گريد دوده,2192,2181,164968363,359796,1399,09,30,شدوص
4,تن,انواع گريد دوده,1585,1768,181331448,320594,1399,10,30,شدوص
4,تن,انواع گريد دوده,1622,1348,183052671,246755,1399,11,30,شدوص
4,تن,انواع گريد دوده,2385,1660,201679518,334788,1399,12,30,شدوص
5,تن,انواع گريد دوده,2057,2074,223385246,463301,1400,01,31,شدوص
4,کيلو گرم ,دوده داخلي,0,0,0,0,1400,01,31,شدوص
5,تن,انواع گريد دوده,3170,2960,229411149,679057,1400,02,31,شدوص
5,تن,انواع گريد دوده,2426,2201,228032258,501899,1400,03,31,شدوص
5,تن,انواع گريد دوده,2697,2283,232495839,530788,1400,04,31,شدوص
4,کيلو گرم ,دوده داخلي,2873,2689,241928226,650545,1400,05,31,شدوص
5,تن,انواع گريد دوده,2743,2941,247367902,727509,1400,06,31,شدوص
5,تن,انواع گريد دوده,3033,2925,261250940,764159,1400,07,30,شدوص
5,تن,انواع گريد دوده,3020,2174,265267709,576692,1400,08,30,شدوص
5,تن,انواع گريد دوده,3000,3345,265011958,886465,1400,09,30,شدوص
4,تن,انواع گريد دوده,3037,2823,266025505,750990,1400,10,30,شدوص
4,تن,انواع گريد دوده,2950,2411,287664869,693560,1400,11,30,شدوص
4,تن,انواع گريد دوده,2006,2040,302328431,616750,1400,12,29,شدوص
4,تن,انواع گريد دوده,2942,1955,367466496,718397,1401,01,31,شدوص
4,تن,انواع گريد دوده,2784,2564,408112715,1046401,1401,02,31,شدوص
4,تن,انواع گريد دوده,2412,2443,428838723,1047653,1401,03,31,شدوص
4,تن,انواع گريد دوده,2274,2231,433523980,967192,1401,04,31,شدوص
4,تن,انواع گريد دوده,2718,1878,436413206,819584,1401,05,31,شدوص
4,تن,انواع گريد دوده,2251,2074,417095468,865056,1401,06,31,شدوص
6,تن,انواع گريد دوده,2396,1981,369467441,731915,1401,07,30,شدوص
6,تن,انواع گريد دوده,2312,2510,351306375,881779,1401,08,30,شدوص
6,تن,انواع گريد دوده,2590,2899,353244567,1024056,1401,09,30,شدوص
6,تن,انواع گريد دوده,1697,1866,345847267,645351,1401,10,30,شدوص
6,تن,انواع گريد دوده,1925,1927,344568760,663984,1401,11,30,شدوص
6,تن,انواع گريد دوده,2518,2768,351990246,974309,1401,12,29,شدوص
6,تن,انواع گريد دوده,3059,2881,375786185,1082640,1402,01,31,شدوص
6,تن,انواع گريد دوده,2787,2757,415428364,1145336,1402,02,31,شدوص
6,تن,انواع گريد دوده,3317,3070,432597720,1328075,1402,03,31,شدوص
6,تن,انواع گريد دوده,3406,3339,451274034,1506804,1402,04,31,شدوص
6,تن,انواع گريد دوده,3197,2951,460150457,1357904,1402,05,31,شدوص
4,تن,دوده صنعتي,2540,2265,95366446,216005,1399,01,31,شکربن
4,تن,دوده صنعتي,2735,2013,93310979,187835,1399,02,31,شکربن
4,تن,دوده صنعتي,3090,2893,85016246,245952,1399,03,31,شکربن
4,تن,دوده صنعتي,3400,2595,86694798,224973,1399,04,31,شکربن
8,تن,دوده صنعتي,3530,2615,105898279,276924,1399,05,31,شکربن
8,تن,دوده صنعتي,2951,2739,118390654,324272,1399,06,31,شکربن
8,تن,دوده صنعتي,4040,3374,127452875,430026,1399,07,30,شکربن
8,تن,دوده صنعتي,3225,2940,141058163,414711,1399,08,30,شکربن
4,تن,دوده صنعتي,3438,2874,160294015,460685,1399,09,30,شکربن
4,تن,دوده صنعتي,4670,3102,180425532,559680,1399,10,30,شکربن
4,تن,دوده صنعتي,4320,3396,192710247,654444,1399,11,30,شکربن
4,تن,دوده صنعتي,4193,3790,206096042,781104,1399,12,30,شکربن
4,تن,دوده صنعتي,3610,1917,215898800,413878,1400,01,31,شکربن
4,تن,دوده صنعتي,3760,3437,231751237,796529,1400,02,31,شکربن
4,تن,دوده صنعتي,4125,3260,230976380,752983,1400,03,31,شکربن
4,تن,دوده صنعتي,3924,2953,234388419,692149,1400,04,31,شکربن
4,تن,دوده صنعتي,4015,2308,241910745,558330,1400,05,31,شکربن
4,تن,دوده صنعتي,3683,2874,249101253,715917,1400,06,31,شکربن
4,تن,دوده صنعتي,4100,2370,256711392,608406,1400,07,30,شکربن
4,تن,دوده صنعتي,2715,2519,265543867,668905,1400,08,30,شکربن
4,تن,دوده صنعتي,3855,2083,265818531,553700,1400,09,30,شکربن
4,تن,دوده صنعتي,3827,2407,266747819,642062,1400,10,30,شکربن
4,تن,دوده صنعتي,2999,1877,278530101,522801,1400,11,30,شکربن
4,تن,دوده صنعتي,3403,2743,302300401,829210,1400,12,29,شکربن
4,تن,دوده صنعتي,3890,2593,352693791,914535,1401,01,31,شکربن
4,تن,دوده صنعتي,3877,2669,371887598,992568,1401,02,31,شکربن
4,تن,دوده صنعتي,3354,2767,421609686,1166594,1401,03,31,شکربن
4,تن,دوده صنعتي,3897,3203,441320637,1413550,1401,04,31,شکربن
4,تن,دوده صنعتي,2874,3075,445465691,1369807,1401,05,31,شکربن
4,تن,دوده صنعتي,4121,2016,425603175,858016,1401,06,31,شکربن
6,تن,دوده صنعتي,3934,2671,383269562,1023713,1401,07,30,شکربن
6,تن,دوده صنعتي,3832,2586,372705723,963817,1401,08,30,شکربن
6,تن,دوده صنعتي,3285,3173,355336590,1127483,1401,09,30,شکربن
6,تن,دوده صنعتي,3331,2267,354346273,803303,1401,10,30,شکربن
6,تن,دوده صنعتي,3391,3319,360254293,1195684,1401,11,30,شکربن
6,تن,دوده صنعتي,3120,4638,363151574,1684297,1401,12,29,شکربن
6,تن,دوده صنعتي ,4202,3778,382002382,1443205,1402,01,31,شکربن
6,تن,دوده صنعتي ,4424,3717,418267689,1554701,1402,02,31,شکربن
6,تن,دوده صنعتي ,4217,5156,430262413,2218433,1402,03,31,شکربن
6,تن,دوده صنعتي ,4515,4038,442349430,1786207,1402,04,31,شکربن
6,تن,دوده صنعتي ,4219,3387,472389135,1599982,1402,05,31,شکربن
18,تن,نرمال پارافين مازاد (داخلي),7182,6395,177853636,1137374,1399,10,30,شیران
17,تن,الکيلات سنگين (داخلي),467,180,173966667,31314,1399,10,30,شیران
16,تن,الکيل بنزن خطي (داخلي),9836,7205,304377099,2193037,1399,10,30,شیران
6,تن,نرمال پارافين مازاد (داخلي),8162,5216,160337615,836321,1399,11,30,شیران
5,تن,الکيلات سنگين (داخلي),484,97,161824742,15697,1399,11,30,شیران
7,تن,برشهاي استحصالي از هيدروکربورهاي تهيه شده از سايرمنابع (داخلي),0,100,95390000,9539,1399,11,30,شیران
4,تن,الکيل بنزن خطي (داخلي),9106,4896,275402778,1348372,1399,11,30,شیران
6,تن,نرمال پارافين مازاد (داخلي),7084,3347,174805497,585074,1399,12,30,شیران
7,تن,برشهاي استحصالي از هيدروکربورهاي تهيه شده از سايرمنابع (داخلي),0,0,0,0,1399,12,30,شیران
5,تن,الکيلات سنگين (داخلي),447,314,173958599,54623,1399,12,30,شیران
4,تن,الکيل بنزن خطي (داخلي),9684,5276,293458302,1548286,1399,12,30,شیران
5,تن,الکيلات سنگين (داخلي),455,222,178306306,39584,1400,01,31,شیران
7,تن,برشهاي استحصالي از هيدروکربورهاي تهيه شده از سايرمنابع (داخلي),0,0,0,0,1400,01,31,شیران
6,تن,نرمال پارافين مازاد (داخلي),7927,4185,169831541,710745,1400,01,31,شیران
4,تن,الکيل بنزن خطي (داخلي),9815,4286,293029165,1255923,1400,01,31,شیران
6,تن,نرمال پارافين مازاد (داخلي),7689,7434,198654291,1476796,1400,02,31,شیران
7,تن,برشهاي استحصالي از هيدروکربورهاي تهيه شده از سايرمنابع (داخلي),0,0,0,0,1400,02,31,شیران
5,تن,الکيلات سنگين (داخلي),568,264,194291667,51293,1400,02,31,شیران
4,تن,الکيل بنزن خطي (داخلي),9661,5917,328901977,1946113,1400,02,31,شیران
5,تن,الکيلات سنگين (داخلي),498,0,0,0,1400,03,31,شیران
7,تن,برشهاي استحصالي از هيدروکربورهاي تهيه شده از سايرمنابع (داخلي),0,0,0,0,1400,03,31,شیران
6,تن,نرمال پارافين مازاد (داخلي),7396,6976,195774799,1365725,1400,03,31,شیران
4,تن,الکيل بنزن خطي (داخلي),10354,6462,335489322,2167932,1400,03,31,شیران
5,تن,الکيلات سنگين (داخلي),445,97,216505155,21001,1400,04,31,شیران
6,تن,نرمال پارافين مازاد (داخلي),7578,4775,217479581,1038465,1400,04,31,شیران
4,تن,الکيل بنزن خطي (داخلي),9962,5693,381769717,2173415,1400,04,31,شیران
5,تن,الکيلات سنگين (داخلي),593,100,224310000,22431,1400,05,31,شیران
6,تن,نرمال پارافين مازاد (داخلي),7126,1846,230806609,426069,1400,05,31,شیران
4,تن,الکيل بنزن خطي (داخلي),9705,3761,402055304,1512130,1400,05,31,شیران
5,تن,الکيلات سنگين (داخلي),490,130,228361538,29687,1400,06,31,شیران
6,تن,نرمال پارافين مازاد (داخلي),7010,5855,233012126,1364286,1400,06,31,شیران
4,تن,الکيل بنزن خطي (داخلي),10359,5350,400397196,2142125,1400,06,31,شیران
5,تن,الکيلات سنگين (داخلي),443,264,229401515,60562,1400,07,30,شیران
6,تن,نرمال پارافين مازاد (داخلي),7245,2228,236131059,526100,1400,07,30,شیران
7,تن,برشهاي استحصالي از هيدروکربورهاي تهيه شده از سايرمنابع (داخلي),0,0,0,0,1400,07,30,شیران
4,تن,الکيل بنزن خطي (داخلي),9487,6163,401041376,2471618,1400,07,30,شیران
5,تن,الکيلات سنگين (داخلي),549,89,199674157,17771,1400,08,30,شیران
6,تن,نرمال پارافين مازاد (داخلي),4793,2374,197946504,469925,1400,08,30,شیران
4,تن,الکيل بنزن خطي (داخلي),9367,5720,370993531,2122083,1400,08,30,شیران
5,تن,الکيلات سنگين (داخلي),412,354,215929379,76439,1400,09,30,شیران
6,تن,نرمال پارافين مازاد (داخلي),6920,5184,213570795,1107151,1400,09,30,شیران
4,تن,الکيل بنزن خطي (داخلي),9957,6101,349877561,2134603,1400,09,30,شیران
6,تن,نرمال پارافين مازاد (داخلي),6859,3398,200264862,680500,1400,10,30,شیران
5,تن,الکيلات سنگين (داخلي),428,146,221253425,32303,1400,10,30,شیران
4,تن,الکيل بنزن خطي (داخلي),9743,5045,343774628,1734343,1400,10,30,شیران
5,تن,الکيلات سنگين (داخلي),479,85,407494118,34637,1400,11,30,شیران
6,تن,نرمال پارافين مازاد (داخلي),7334,6320,192323892,1215487,1400,11,30,شیران
4,تن,الکيل بنزن خطي (داخلي),9225,3575,324596923,1160434,1400,11,30,شیران
4,تن,الکيل بنزن خطي (داخلي),9605,5180,331625676,1717821,1400,12,29,شیران
5,تن,الکيلات سنگين (داخلي),442,354,172115819,60929,1400,12,29,شیران
6,تن,نرمال پارافين مازاد (داخلي),6671,3172,245470996,778634,1400,12,29,شیران
5,تن,الکيلات سنگين (داخلي),455,10,280000000,2800,1401,01,31,شیران
6,تن,نرمال پارافين مازاد (داخلي),7455,290,300000000,87000,1401,01,31,شیران
4,تن,الکيل بنزن خطي (داخلي),9988,4125,411477333,1697344,1401,01,31,شیران
5,تن,الکيلات سنگين (داخلي),562,48,280000000,13440,1401,02,31,شیران
6,تن,نرمال پارافين مازاد (داخلي),7590,5290,270699433,1432000,1401,02,31,شیران
4,تن,الکيل بنزن خطي (داخلي),9707,4850,444512165,2155884,1401,02,31,شیران
5,تن,الکيلات سنگين (داخلي),502,45,257266667,11577,1401,03,31,شیران
7,تن,برشهاي استحصالي از هيدروکربورهاي تهيه شده از سايرمنابع,0,0,0,0,1401,03,31,شیران
6,تن,نرمال پارافين مازاد (داخلي),7214,3963,281081504,1113926,1401,03,31,شیران
4,تن,الکيل بنزن خطي (داخلي),10091,6596,429118860,2830468,1401,03,31,شیران
5,تن,الکيلات سنگين (داخلي),480,9,203666667,1833,1401,04,31,شیران
6,تن,نرمال پارافين مازاد (داخلي),7221,808,291913366,235866,1401,04,31,شیران
4,تن,الکيل بنزن خطي (داخلي),10000,5666,444847158,2520504,1401,04,31,شیران
5,تن,الکيلات سنگين (داخلي),573,171,340771930,58272,1401,05,31,شیران
6,تن,نرمال پارافين مازاد (داخلي),8005,3343,320339216,1070894,1401,05,31,شیران
4,تن,الکيل بنزن خطي (داخلي),9872,5712,461401436,2635525,1401,05,31,شیران
5,تن,الکيلات سنگين (داخلي),582,70,273442857,19141,1401,06,31,شیران
6,تن,نرمال پارافين مازاد (داخلي),5446,5295,318435883,1686118,1401,06,31,شیران
4,تن,الکيل بنزن خطي (داخلي),10104,6173,447402398,2761815,1401,06,31,شیران
9,تن,الکيل بنزن خطي (داخلي),9754,7950,415600000,3304020,1401,07,30,شیران
10,تن,الکيلات سنگين (داخلي),512,15,300066667,4501,1401,07,30,شیران
11,تن,نرمال پارافين مازاد (داخلي),6339,3189,311777987,994260,1401,07,30,شیران
9,تن,الکيلات سنگين (داخلي),548,344,344697674,118576,1401,08,30,شیران
10,تن,نرمال پارافين مازاد (داخلي),6519,3058,313952910,960068,1401,08,30,شیران
8,تن,الکيل بنزن خطي (داخلي),9336,6808,432185223,2942317,1401,08,30,شیران
9,تن,الکيلات سنگين (داخلي),566,305,336393443,102600,1401,09,30,شیران
8,تن,الکيل بنزن خطي (داخلي),9666,8997,417706902,3758109,1401,09,30,شیران
10,تن,نرمال پارافين مازاد (داخلي),6497,6460,348185913,2249281,1401,09,30,شیران
11,تن,برشهاي استحصالي از هيدروکربورهاي تهيه شده از سايرمنابع,0,220,216045455,47530,1401,10,30,شیران
10,تن ,نرمال پارافين مازاد (داخلي),6417,1808,323684181,585221,1401,10,30,شیران
9,تن,الکيلات سنگين (داخلي),476,102,299764706,30576,1401,10,30,شیران
8,تن,الکيل بنزن خطي (داخلي),9950,5168,416084752,2150326,1401,10,30,شیران
9,تن,الکيلات سنگين (داخلي),546,179,300083799,53715,1401,11,30,شیران
10,تن ,نرمال پارافين مازاد (داخلي),7033,290,340693103,98801,1401,11,30,شیران
8,تن,الکيل بنزن خطي (داخلي),9516,6117,404838810,2476399,1401,11,30,شیران
8,تن,الکيل بنزن خطي (داخلي),9115,6768,422358452,2858522,1401,12,29,شیران
9,تن,الکيلات سنگين (داخلي),425,541,322650647,174554,1401,12,29,شیران
10,تن ,نرمال پارافين مازاد (داخلي),7225,525,339670476,178327,1401,12,29,شیران
9,تن,الکيلات سنگين (داخلي),583,52,301153846,15660,1402,01,31,شیران
10,تن ,نرمال پارافين مازاد (داخلي),7674,161,341242236,54940,1402,01,31,شیران
8,تن,الکيل بنزن خطي (داخلي),9586,4468,433631826,1937467,1402,01,31,شیران
9,تن,الکيلات سنگين (داخلي),583,291,300010309,87303,1402,02,31,شیران
10,تن ,نرمال پارافين مازاد (داخلي),7599,5228,339970161,1777364,1402,02,31,شیران
8,تن,الکيل بنزن خطي (داخلي),9986,7863,408454534,3211678,1402,02,31,شیران
8,تن,الکيل بنزن خطي (داخلي),10606,6739,398140525,2683069,1402,03,31,شیران
9,تن,الکيلات سنگين (داخلي),423,554,317662455,175985,1402,03,31,شیران
10,تن,نرمال پارافين مازاد (داخلي),6527,492,334225610,164439,1402,03,31,شیران
9,تن,الکيلات سنگين (داخلي),575,438,302093607,132317,1402,04,31,شیران
10,تن,نرمال پارافين مازاد (داخلي),5968,5174,321382103,1662831,1402,04,31,شیران
8,تن,الکيل بنزن خطي (داخلي),9717,8300,389642892,3234036,1402,04,31,شیران
10,تن,نرمال پارافين مازاد (داخلي),4672,351,349339031,122618,1402,05,31,شیران
9,تن,الکيلات سنگين (داخلي),575,270,329522222,88971,1402,05,31,شیران
8,تن,الکيل بنزن خطي (داخلي),9957,8447,372920800,3150062,1402,05,31,شیران
11,تن,برشهاي استحصالي از هيدروکربورهاي تهيه شده از سايرمنابع,5168,0,0,0,1402,05,31,شیران
4,تن,سنگ منگنز دانه بندي,4800,5000,12175000,60875,1399,01,31,کمنگنز
6,تن,محصولات بازرگاني(فرو سيليکو منگنز),100,100,169360000,16936,1399,02,31,کمنگنز
5,تن,خاک سرخ,239,239,1799163,430,1399,02,31,کمنگنز
4,تن,سنگ منگنز دانه بندي,8050,7975,13274734,105866,1399,02,31,کمنگنز
6,تن,محصولات بازرگاني(فرو سيليکو منگنز),0,0,0,0,1399,03,31,کمنگنز
5,تن,خاک سرخ,335,335,1647761,552,1399,03,31,کمنگنز
7,متر مکعب,مخلوط شن و ماسه کوهي,0,0,0,0,1399,03,31,کمنگنز
4,تن,سنگ منگنز دانه بندي,7500,6941,14244057,98868,1399,03,31,کمنگنز
7,متر مکعب,مخلوط شن و ماسه کوهي,0,0,0,0,1399,04,31,کمنگنز
4,تن,سنگ منگنز دانه بندي,8500,9315,15058722,140272,1399,04,31,کمنگنز
6,تن,محصولات بازرگاني(فرو سيليکو منگنز خريداري شده),50,50,220960000,11048,1399,04,31,کمنگنز
5,تن,خاک سرخ,0,0,0,0,1399,04,31,کمنگنز
11,متر مکعب,مخلوط شن و ماسه کوهي,0,0,0,0,1399,05,31,کمنگنز
10,تن,محصولات بازرگاني(فرو سيليکو منگنز خريداري شده),50,50,221000000,11050,1399,05,31,کمنگنز
8,تن,سنگ منگنز دانه بندي,8500,8565,15863281,135869,1399,05,31,کمنگنز
9,تن,خاک سرخ,424,424,1806604,766,1399,05,31,کمنگنز
19,متر مکعب,مخلوط شن و ماسه کوهي,0,0,0,0,1399,06,31,کمنگنز
18,تن,محصولات بازرگاني(فرو سيليکو منگنز خريداري شده),0,0,0,0,1399,06,31,کمنگنز
16,تن,سنگ منگنز دانه بندي,9800,10375,17261494,179088,1399,06,31,کمنگنز
17,تن,خاک سرخ,587,587,1798978,1056,1399,06,31,کمنگنز
19,متر مکعب,مخلوط شن و ماسه کوهي,0,0,0,0,1399,07,30,کمنگنز
18,تن,محصولات بازرگاني(فرو سيليکو منگنز خريداري شده),0,0,0,0,1399,07,30,کمنگنز
16,تن,سنگ منگنز دانه بندي,8500,8443,19005685,160465,1399,07,30,کمنگنز
17,تن,خاک سرخ,357,357,1873950,669,1399,07,30,کمنگنز
18,تن,محصولات بازرگاني(فرو سيليکو منگنز خريداري شده),0,0,0,0,1399,08,30,کمنگنز
19,متر مکعب,مخلوط شن و ماسه کوهي,0,0,0,0,1399,08,30,کمنگنز
17,تن,خاک سرخ,264,264,1897727,501,1399,08,30,کمنگنز
16,تن,سنگ منگنز دانه بندي,8400,7753,18987618,147211,1399,08,30,کمنگنز
7,متر مکعب,مخلوط شن و ماسه کوهي,0,0,0,0,1399,09,30,کمنگنز
6,تن,محصولات بازرگاني(فرو سيليکو منگنز خريداري شده),0,0,0,0,1399,09,30,کمنگنز
4,تن,سنگ منگنز دانه بندي,8300,8906,24290366,216330,1399,09,30,کمنگنز
5,تن,خاک سرخ,320,320,1881250,602,1399,09,30,کمنگنز
7,متر مکعب,مخلوط شن و ماسه کوهي,0,0,0,0,1399,10,30,کمنگنز
6,تن,محصولات بازرگاني(فرو سيليکو منگنز خريداري شده),0,0,0,0,1399,10,30,کمنگنز
4,تن,سنگ منگنز دانه بندي,9000,9023,23412723,211253,1399,10,30,کمنگنز
5,تن,خاک سرخ,171,171,2011696,344,1399,10,30,کمنگنز
7,متر مکعب,مخلوط شن و ماسه کوهي,0,0,0,0,1399,11,30,کمنگنز
6,تن,محصولات بازرگاني(فرو سيليکو منگنز خريداري شده),0,0,0,0,1399,11,30,کمنگنز
4,تن,سنگ منگنز دانه بندي,7300,6980,25104585,175230,1399,11,30,کمنگنز
5,تن,خاک سرخ,139,139,1762590,245,1399,11,30,کمنگنز
5,ميليون ريال,سود سرمايه گذاري ها (سود سهام عملياتي شرکت فرعي),0,0,0,149,1399,12,30,کمنگنز
4,تن,سنگ منگنز دانه بندي,4950,5387,21846297,117686,1399,12,30,کمنگنز
7,ميليون ريال,سود سرمايه گذاري ها (سود سهام عملياتي شرکت فرعي),0,0,0,0,1400,01,31,کمنگنز
6,متر مکعب,مخلوط شن و ماسه کوهي,0,0,0,0,1400,01,31,کمنگنز
4,تن,سنگ منگنز دانه بندي,6350,6354,24324677,154559,1400,01,31,کمنگنز
5,تن,خاک سرخ,0,0,0,0,1400,01,31,کمنگنز
5,تن,سنگ منگنز دانه بندي,7200,7363,28974874,213342,1400,02,31,کمنگنز
6,تن,محصولات بازرگاني(فرو سيليکو منگنز),0,0,0,0,1400,02,31,کمنگنز
4,تن,خاک سرخ,0,0,0,0,1400,02,31,کمنگنز
6,تن,محصولات بازرگاني(فرو سيليکو منگنز),0,0,0,0,1400,03,31,کمنگنز
5,تن,سنگ منگنز دانه بندي,7350,7696,27175286,209141,1400,03,31,کمنگنز
4,تن,خاک سرخ,0,0,0,0,1400,03,31,کمنگنز
6,تن,محصولات بازرگاني(فرو سيليکو منگنز),0,0,0,0,1400,04,31,کمنگنز
5,تن,سنگ منگنز دانه بندي,7300,8205,25716392,211003,1400,04,31,کمنگنز
4,تن,خاک سرخ,0,0,0,0,1400,04,31,کمنگنز
5,تن,سنگ منگنز دانه بندي,8450,8592,33497207,287808,1400,05,31,کمنگنز
5,تن,سنگ منگنز دانه بندي,8200,7716,32606532,251592,1400,06,31,کمنگنز
5,تن,سنگ منگنز دانه بندي,8600,8439,34398981,290293,1400,07,30,کمنگنز
6,تن,محصولات بازرگاني(فرو سيليکو منگنز),0,0,0,0,1400,08,30,کمنگنز
5,تن,سنگ منگنز دانه بندي,9200,8870,31696618,281149,1400,08,30,کمنگنز
6,تن,محصولات بازرگاني(فرو سيليکو منگنز),0,0,0,0,1400,09,30,کمنگنز
5,تن,سنگ منگنز دانه بندي,8800,9624,36962594,355728,1400,09,30,کمنگنز
5,تن,سنگ منگنز دانه بندي,8400,8614,44002322,379036,1400,10,30,کمنگنز
5,تن,سنگ منگنز دانه بندي,8200,7821,41008439,320727,1400,11,30,کمنگنز
4,تن,سنگ منگنز دانه بندي,7400,7269,43908516,319171,1400,12,29,کمنگنز
4,تن,سنگ منگنز دانه بندي,6600,6033,45784021,276215,1401,01,31,کمنگنز
4,تن,سنگ منگنز دانه بندي,7400,8559,42743428,365841,1401,02,31,کمنگنز
4,تن,سنگ منگنز دانه بندي,7400,8899,34316777,305385,1401,03,31,کمنگنز
4,تن,سنگ منگنز دانه بندي,8300,7005,30424126,213121,1401,04,31,کمنگنز
4,تن,سنگ منگنز دانه بندي,9100,6776,31707349,214849,1401,05,31,کمنگنز
4,تن,سنگ منگنز دانه بندي,8500,7595,23846346,181113,1401,06,31,کمنگنز
8,تن,سنگ منگنز دانه بندي,7800,6374,30335739,193360,1401,07,30,کمنگنز
8,تن,سنگ منگنز دانه بندي,8000,8985,35681024,320594,1401,08,30,کمنگنز
9,تن,محصولات بازرگاني(فرو سيليکو منگنز خريداري شده),0,50,473000000,23650,1401,08,30,کمنگنز
8,تن,سنگ منگنز دانه بندي,8000,6569,30072918,197549,1401,09,30,کمنگنز
8,تن,سنگ منگنز دانه بندي,7800,2555,23293151,59514,1401,10,30,کمنگنز
8,تن,سنگ منگنز دانه بندي,9200,4935,30634448,151181,1401,11,30,کمنگنز
8,تن,سنگ منگنز دانه بندي,7800,15018,47695099,716285,1401,12,29,کمنگنز
8,تن,سنگ منگنز دانه بندي,6300,8793,34514500,303486,1402,01,31,کمنگنز
8,تن,سنگ منگنز دانه بندي,7500,8136,36594518,297733,1402,02,31,کمنگنز
8,تن,سنگ منگنز دانه بندي,8500,10517,41290482,434252,1402,03,31,کمنگنز
8,تن,سنگ منگنز دانه بندي,8300,9271,39779096,368792,1402,04,31,کمنگنز
8,تن,سنگ منگنز دانه بندي,7700,7016,38576397,270652,1402,05,31,کمنگنز
16,تن,کنسانتره سنگ آهن صادراتي,0,0,0,0,1399,10,30,کگهر
15,تن,گندله,0,0,0,0,1399,10,30,کگهر
14,تن,سنگ آهن دانه بندي شده,427041,260503,7263302,1892112,1399,10,30,کگهر
13,تن,کنسانتره سنگ آهن,363330,114736,20000035,2294724,1399,10,30,کگهر
12,تن,کلوخه سنگ آهن,1491872,843567,7997461,6746394,1399,10,30,کگهر
6,تن,سنگ آهن دانه بندي شده,410991,250443,7263305,1819044,1399,11,30,کگهر
5,تن,کنسانتره سنگ آهن,365490,318281,20580779,6550471,1399,11,30,کگهر
4,تن,کلوخه سنگ آهن,1388558,1175046,8036987,9443830,1399,11,30,کگهر
7,تن,گندله,174633,0,0,0,1399,12,30,کگهر
6,تن,سنگ آهن دانه بندي شده,364197,52239,19901396,1039629,1399,12,30,کگهر
5,تن,کنسانتره سنگ آهن,398918,367686,24934972,9168240,1399,12,30,کگهر
4,تن,کلوخه سنگ آهن,1261036,753012,9882080,7441325,1399,12,30,کگهر
5,تن,کنسانتره سنگ آهن,431070,62487,22234241,1389351,1400,01,31,کگهر
6,تن,سنگ آهن دانه بندي شده,840502,99473,10079720,1002660,1400,01,31,کگهر
7,تن,گندله,247823,45412,35327072,1604273,1400,01,31,کگهر
4,تن,کلوخه سنگ آهن,1398000,680300,9978918,6788658,1400,01,31,کگهر
7,تن,گندله,304942,208625,38774806,8089394,1400,02,31,کگهر
6,تن,سنگ آهن دانه بندي شده,693651,102895,10079722,1037153,1400,02,31,کگهر
5,تن,کنسانتره سنگ آهن,447593,55852,27956474,1561425,1400,02,31,کگهر
4,تن,کلوخه سنگ آهن,1207330,838694,9879750,8286087,1400,02,31,کگهر
7,تن,گندله,296910,137075,46233150,6337409,1400,03,31,کگهر
6,تن,سنگ آهن دانه بندي شده,968241,58225,20874453,1215415,1400,03,31,کگهر
5,تن,کنسانتره سنگ آهن,414150,80263,25900602,2078860,1400,03,31,کگهر
4,تن,کلوخه سنگ آهن,1282156,822418,13973639,11492172,1400,03,31,کگهر
7,تن,گندله,307224,99379,41521076,4126323,1400,04,31,کگهر
6,تن,سنگ آهن دانه بندي شده,246409,38567,13130267,506395,1400,04,31,کگهر
5,تن,کنسانتره سنگ آهن,205968,93172,26251202,2445877,1400,04,31,کگهر
4,تن,کلوخه سنگ آهن,1252934,573995,12156142,6977565,1400,04,31,کگهر
7,تن,گندله,324812,0,0,0,1400,05,31,کگهر
6,تن,سنگ آهن دانه بندي شده,583797,112126,13259057,1486685,1400,05,31,کگهر
5,تن,کنسانتره سنگ آهن,428287,109333,28140406,3076675,1400,05,31,کگهر
4,تن,کلوخه سنگ آهن,1065891,450661,13091042,5899622,1400,05,31,کگهر
7,تن,کنسانتره سنگ آهن,417470,72353,30344298,2195501,1400,06,31,کگهر
4,تن,کلوخه سنگ آهن,1245185,510931,13272761,6781465,1400,06,31,کگهر
6,تن,سنگ آهن دانه بندي شده,816286,187800,12085234,2269607,1400,06,31,کگهر
5,تن,گندله,350516,7195,46225712,332594,1400,06,31,کگهر
7,تن,کنسانتره سنگ آهن,395700,136770,33208686,4541952,1400,07,30,کگهر
6,تن,سنگ آهن دانه بندي شده,746434,296034,10885699,3222537,1400,07,30,کگهر
5,تن,گندله,355790,255827,41339550,10575773,1400,07,30,کگهر
4,تن,کلوخه سنگ آهن,1577215,658799,12398985,8168439,1400,07,30,کگهر
7,تن,کنسانتره سنگ آهن,402083,210759,34687961,7310800,1400,08,30,کگهر
6,تن,سنگ آهن دانه بندي شده,710477,256435,13363839,3426956,1400,08,30,کگهر
5,تن,گندله,173622,278403,42165278,11738940,1400,08,30,کگهر
4,تن,کلوخه سنگ آهن,1639552,766896,10911264,8367805,1400,08,30,کگهر
6,تن,سنگ آهن دانه بندي شده,940925,244449,11365999,2778407,1400,09,30,کگهر
4,تن,کلوخه سنگ آهن,1632987,934121,10323866,9643740,1400,09,30,کگهر
7,تن,کنسانتره سنگ آهن,238256,154595,33382943,5160836,1400,09,30,کگهر
5,تن,گندله,283256,218099,40146461,8755903,1400,09,30,کگهر
7,تن,گندله,324837,140240,40131931,5628102,1400,10,30,کگهر
6,تن,سنگ آهن دانه بندي شده,823997,92559,12785888,1183449,1400,10,30,کگهر
5,تن,کنسانتره سنگ آهن,507597,49610,31442108,1559843,1400,10,30,کگهر
4,تن,کلوخه سنگ آهن,1140936,691942,11475268,7940220,1400,10,30,کگهر
9,تن,گندله بورس کالا,0,20441,36114036,738207,1400,11,30,کگهر
8,تن,کنسانتره بورس کالا,0,116202,31540825,3665107,1400,11,30,کگهر
7,تن,گندله,318276,0,0,0,1400,11,30,کگهر
6,تن,سنگ آهن دانه بندي شده,800919,195631,12500166,2445420,1400,11,30,کگهر
4,تن,کلوخه سنگ آهن,1631912,726634,12342724,8968643,1400,11,30,کگهر
5,تن,کنسانتره سنگ آهن,462336,121651,30065458,3657493,1400,11,30,کگهر
9,تن,گندله بورس کالا,0,350054,36050938,12619775,1400,12,29,کگهر
8,تن,کنسانتره بورس کالا,0,138421,33095527,4581116,1400,12,29,کگهر
7,تن,گندله,324612,23544,38226555,900006,1400,12,29,کگهر
6,تن,سنگ آهن دانه بندي شده,300240,108311,12316081,1333967,1400,12,29,کگهر
5,تن,کنسانتره سنگ آهن,528243,55376,27596197,1528167,1400,12,29,کگهر
4,تن,کلوخه سنگ آهن,1405679,732703,12068086,8842323,1400,12,29,کگهر
9,تن,گندله بورس کالا,0,213235,40075307,8545458,1401,01,31,کگهر
8,تن,کنسانتره بورس کالا,0,32056,36174195,1159600,1401,01,31,کگهر
7,تن,گندله,420284,55285,41465280,2292408,1401,01,31,کگهر
6,تن,سنگ آهن دانه بندي شده,973239,41965,13513499,567094,1401,01,31,کگهر
5,تن,کنسانتره سنگ آهن,560399,101727,30121856,3064206,1401,01,31,کگهر
4,تن,کلوخه سنگ آهن,1217345,562534,12977096,7300058,1401,01,31,کگهر
6,تن,سنگ آهن دانه بندي شده,953316,45054,13506992,608544,1401,02,31,کگهر
7,تن,کنسانتره بورس کالا,0,0,0,0,1401,02,31,کگهر
4,تن,کلوخه سنگ آهن,1456971,747215,12066871,9016547,1401,02,31,کگهر
5,تن,کنسانتره سنگ آهن,606877,103315,30361932,3136843,1401,02,31,کگهر
8,تن,گندله,454631,78353,40470397,3170977,1401,02,31,کگهر
9,تن,گندله بورس کالا,0,16234,36114759,586287,1401,02,31,کگهر
9,تن,گندله بورس کالا,0,54966,35950806,1976072,1401,03,31,کگهر
8,تن,گندله,229135,11562,42614773,492712,1401,03,31,کگهر
4,تن,کلوخه سنگ آهن,1334448,884442,12389468,10957766,1401,03,31,کگهر
5,تن,کنسانتره سنگ آهن,436823,65489,29822917,1953073,1401,03,31,کگهر
6,تن,سنگ آهن دانه بندي شده,900455,186763,14073103,2628335,1401,03,31,کگهر
7,تن,کنسانتره بورس کالا,0,84233,33133807,2790960,1401,03,31,کگهر
5,تن,کنسانتره سنگ آهن,452349,55812,33230524,1854662,1401,04,31,کگهر
9,تن,گندله بورس کالا,0,169765,32481648,5514247,1401,04,31,کگهر
6,تن,سنگ آهن دانه بندي شده,840421,99281,14171856,1406996,1401,04,31,کگهر
8,تن,گندله,0,123080,42724244,5258500,1401,04,31,کگهر
7,تن,کنسانتره بورس کالا,0,109660,28394374,3113727,1401,04,31,کگهر
4,تن,کلوخه سنگ آهن,1145867,361728,11201773,4051995,1401,04,31,کگهر
8,تن,گندله,0,131823,38590853,5087162,1401,05,31,کگهر
7,تن,کنسانتره بورس کالا,0,133757,27228975,3642066,1401,05,31,کگهر
9,تن,گندله بورس کالا,0,311797,28973236,9033768,1401,05,31,کگهر
4,تن,کلوخه سنگ آهن,925527,0,0,0,1401,05,31,کگهر
5,تن,کنسانتره سنگ آهن,575919,30674,29388309,901457,1401,05,31,کگهر
6,تن,سنگ آهن دانه بندي شده,744305,4358,12812529,55837,1401,05,31,کگهر
9,تن,گندله بورس کالا,0,916059,33692930,30864712,1401,06,31,کگهر
8,تن,گندله,198757,81176,36214854,2939777,1401,06,31,کگهر
7,تن,کنسانتره بورس کالا,0,436042,25167585,10974124,1401,06,31,کگهر
6,تن,سنگ آهن دانه بندي شده,740651,0,0,0,1401,06,31,کگهر
5,تن,کنسانتره سنگ آهن,513883,16433,26278099,431828,1401,06,31,کگهر
4,تن,کلوخه سنگ آهن,750863,0,0,0,1401,06,31,کگهر
7,تن,کنسانتره سنگ آهن,594347,27299,26581157,725639,1401,07,30,کگهر
6,تن,کلوخه سنگ آهن,946594,0,0,0,1401,07,30,کگهر
11,تن,گندله بورس کالا,0,60000,27628333,1657700,1401,07,30,کگهر
10,تن,گندله,440777,0,0,0,1401,07,30,کگهر
9,تن,کنسانتره بورس کالا,0,49555,23359701,1157590,1401,07,30,کگهر
8,تن,سنگ آهن دانه بندي شده,770750,0,0,0,1401,07,30,کگهر
11,تن,گندله بورس کالا,0,560000,28588911,16009790,1401,08,30,کگهر
10,تن,گندله,410652,0,0,0,1401,08,30,کگهر
7,تن,کنسانتره سنگ آهن,592381,64076,28162807,1804560,1401,08,30,کگهر
8,تن,سنگ آهن دانه بندي شده,859814,0,0,0,1401,08,30,کگهر
9,تن,کنسانتره بورس کالا,0,123962,22253626,2758604,1401,08,30,کگهر
6,تن,کلوخه سنگ آهن,860128,0,0,0,1401,08,30,کگهر
9,تن,کنسانتره بورس کالا,0,496465,29901586,14845091,1401,09,30,کگهر
8,تن,سنگ آهن دانه بندي شده,956660,0,0,0,1401,09,30,کگهر
7,تن,کنسانتره سنگ آهن,581655,48427,27852768,1348826,1401,09,30,کگهر
6,تن,کلوخه سنگ آهن,843841,17145,11386935,195229,1401,09,30,کگهر
11,تن,گندله بورس کالا,0,568905,30433187,17313592,1401,09,30,کگهر
10,تن,گندله,433708,0,0,0,1401,09,30,کگهر
7,تن,کنسانتره سنگ آهن,607454,67232,28941471,1945793,1401,10,30,کگهر
8,تن,سنگ آهن دانه بندي شده,706448,0,0,0,1401,10,30,کگهر
9,تن,گندله,148816,0,0,0,1401,10,30,کگهر
6,تن,کلوخه سنگ آهن ,735989,0,0,0,1401,10,30,کگهر
10,تن,گندله,82543,0,0,0,1401,11,30,کگهر
11,تن,سنگ آهن دانه بندي شده,811900,0,0,0,1401,11,30,کگهر
6,تن,کلوخه سنگ آهن ,1294830,0,0,0,1401,11,30,کگهر
7,تن,کنسانتره سنگ آهن,377216,57902,30734310,1779578,1401,11,30,کگهر
7,تن,کنسانتره سنگ آهن,585326,0,0,0,1401,12,29,کگهر
10,تن,گندله,460307,50000,38961680,1948084,1401,12,29,کگهر
11,تن,سنگ آهن دانه بندي شده,638262,0,0,0,1401,12,29,کگهر
8,تن,گندله بورس کالا,0,35000,40690857,1424180,1401,12,29,کگهر
9,تن,کنسانتره بورس کالا,0,186450,34908319,6508656,1401,12,29,کگهر
6,تن,کلوخه سنگ آهن ,1138482,0,0,0,1401,12,29,کگهر
10,تن,کنسانتره بورس کالا,0,146765,35974551,5279805,1402,01,31,کگهر
11,تن,گندله بورس کالا,0,55000,42211364,2321625,1402,01,31,کگهر
8,تن,سنگ آهن دانه بندي شده,988251,0,0,0,1402,01,31,کگهر
9,تن,گندله,512947,0,0,0,1402,01,31,کگهر
6,تن,کلوخه سنگ آهن ,1048640,0,0,0,1402,01,31,کگهر
7,تن,کنسانتره سنگ آهن,614313,0,0,0,1402,01,31,کگهر
7,تن,کنسانتره سنگ آهن,621995,0,0,0,1402,02,31,کگهر
6,تن,کلوخه سنگ آهن ,1167370,0,0,0,1402,02,31,کگهر
9,تن,گندله,520133,0,0,0,1402,02,31,کگهر
8,تن,سنگ آهن دانه بندي شده,1001927,0,0,0,1402,02,31,کگهر
11,تن,گندله بورس کالا,0,560000,48157934,26968443,1402,03,31,کگهر
10,تن,کنسانتره بورس کالا,0,252368,37090297,9360404,1402,03,31,کگهر
9,تن,گندله,523515,0,0,0,1402,03,31,کگهر
8,تن,سنگ آهن دانه بندي شده,1004408,116406,18609805,2166293,1402,03,31,کگهر
7,تن,کنسانتره سنگ آهن,624221,0,0,0,1402,03,31,کگهر
6,تن,کلوخه سنگ آهن ,1462292,396642,17979193,7131303,1402,03,31,کگهر
11,تن,کلوخه سنگ آهن ,1138074,663602,16698557,11081196,1402,04,31,کگهر
10,تن,کنسانتره سنگ آهن,626527,0,0,0,1402,04,31,کگهر
9,تن,سنگ آهن دانه بندي شده,1007949,170944,16928415,2893811,1402,04,31,کگهر
8,تن,گندله,525967,0,0,0,1402,04,31,کگهر
7,تن,کنسانتره بورس کالا,0,46717,39102768,1826764,1402,04,31,کگهر
6,تن,گندله بورس کالا,0,465000,45000000,20925000,1402,04,31,کگهر
10,تن,سنگ آهن دانه بندي شده,1009195,461540,15078715,6959430,1402,05,31,کگهر
8,تن,کلوخه سنگ آهن ,1452129,539563,14848716,8011818,1402,05,31,کگهر
9,تن,کنسانتره سنگ آهن,628941,0,0,0,1402,05,31,کگهر
7,تن,کنسانتره بورس کالا,0,0,0,0,1402,05,31,کگهر
6,تن,گندله بورس کالا,0,735000,44347993,32595775,1402,05,31,کگهر
